"0","if (!file.exists(""datasets/path_similarity.csv"")){"
"0","  exe_path <- ""./cppScripts/pathSimilarity.exe"""
"0","  system2(exe_path, wait = TRUE)"
"0","}  "
"1","84
"
"1","1/195
"
"1","2/195
"
"1","3/195
"
"1","4/195
"
"1","5/195
"
"1","6/195
"
"1","7/195
"
"1","8/195
"
"1","9/195
"
"1","10/195
"
"1","11/195
"
"1","12/195
"
"1","13/195
"
"1","14/195
"
"1","15/195
"
"1","16/195
"
"1","17/195
"
"1","18/195
"
"1","19/195
"
"1","20/195
"
"1","21/195
"
"1","22/195
"
"1","23/195
"
"1","24/195
"
"1","25/195
"
"1","26/195
"
"1","27/195
"
"1","28/195
"
"1","29/195
"
"1","30/195
"
"1","31/195
"
"1","32/195
"
"1","33/195
"
"1","34/195
"
"1","35/195
"
"1","36/195
"
"1","37/195
"
"1","38/195
"
"1","39/195
"
"1","40/195
"
"1","41/195
"
"1","42/195
"
"1","43/195
"
"1","44/195
"
"1","45/195
"
"1","46/195
"
"1","47/195
"
"1","48/195
"
"1","49/195
"
"1","50/195
"
"1","51/195
"
"1","52/195
"
"1","53/195
"
"1","54/195
"
"1","55/195
"
"1","56/195
"
"1","57/195
"
"1","58/195
"
"1","59/195
"
"1","60/195
"
"1","61/195
"
"1","62/195
"
"1","63/195
"
"1","64/195
"
"1","65/195
"
"1","66/195
"
"1","67/195
"
"1","68/195
"
"1","69/195
"
"1","70/195
"
"1","71/195
"
"1","72/195
"
"1","73/195
"
"1","74/195
"
"1","75/195
"
"1","76/195
"
"1","77/195
"
"1","78/195
"
"1","79/195
"
"1","80/195
"
"1","81/195
"
"1","82/195
"
"1","83/195
"
"1","84/195
"
"1","85/195
"
"1","86/195
"
"1","87/195
"
"1","88/195
"
"1","89/195
"
"1","90/195
"
"1","91/195
"
"1","92/195
"
"1","93/195
"
"1","94/195
"
"1","95/195
"
"1","96/195
"
"1","97/195
"
"1","98/195
"
"1","99/195
"
"1","100/195
"
"1","101/195
"
"1","102/195
"
"1","103/195
"
"1","104/195
"
"1","105/195
"
"1","106/195
"
"1","107/195
"
"1","108/195
"
"1","109/195
"
"1","110/195
"
"1","111/195
"
"1","112/195
"
"1","113/195
"
"1","114/195
"
"1","115/195
"
"1","116/195
"
"1","117/195
"
"1","118/195
"
"1","119/195
"
"1","120/195
"
"1","121/195
"
"1","122/195
"
"1","123/195
"
"1","124/195
"
"1","125/195
"
"1","126/195
"
"1","127/195
"
"1","128/195
"
"1","129/195
"
"1","130/195
"
"1","131/195
"
"1","132/195
"
"1","133/195
"
"1","134/195
"
"1","135/195
"
"1","136/195
"
"1","137/195
"
"1","138/195
"
"1","139/195
"
"1","140/195
"
"1","141/195
"
"1","142/195
"
"1","143/195
"
"1","144/195
"
"1","145/195
"
"1","146/195
"
"1","147/195
"
"1","148/195
"
"1","149/195
"
"1","150/195
"
"1","151/195
"
"1","152/195
"
"1","153/195
"
"1","154/195
"
"1","155/195
"
"1","156/195
"
"1","157/195
"
"1","158/195
"
"1","159/195
"
"1","160/195
"
"1","161/195
"
"1","162/195
"
"1","163/195
"
"1","164/195
"
"1","165/195
"
"1","166/195
"
"1","167/195
"
"1","168/195
"
"1","169/195
"
"1","170/195
"
"1","171/195
"
"1","172/195
"
"1","173/195
"
"1","174/195
"
"1","175/195
"
"1","176/195
"
"1","177/195
"
"1","178/195
"
"1","179/195
"
"1","180/195
"
"1","181/195
"
"1","182/195
"
"1","183/195
"
"1","184/195
"
"1","185/195
"
"1","186/195
"
"1","187/195
"
"1","188/195
"
"1","189/195
"
"1","190/195
"
"1","191/195
"
"1","192/195
"
"1","193/195
"
"1","194/195
"
"1","195/195
"
